date,localName,name,countryCode,fixed,global,counties,launchYear,types,holiday
2024-01-01,New Year's Day,New Year's Day,CA,False,True,,,['Public'],1
2024-02-19,Louis Riel Day,Louis Riel Day,CA,False,False,['CA-MB'],,['Public'],1
2024-02-19,Islander Day,Islander Day,CA,False,False,['CA-PE'],,['Public'],1
2024-02-19,Heritage Day,Heritage Day,CA,False,False,['CA-NS'],,['Public'],1
2024-02-19,Family Day,Family Day,CA,False,False,"['CA-AB', 'CA-BC', 'CA-NB', 'CA-ON', 'CA-SK']",,['Public'],1
2024-03-17,Saint Patrick's Day,Saint Patrick's Day,CA,False,False,['CA-NL'],,['Public'],1
2024-03-29,Good Friday,Good Friday,CA,False,True,,,['Public'],1
2024-04-01,Easter Monday,Easter Monday,CA,False,False,"['CA-AB', 'CA-PE']",,['Public'],1
2024-04-23,Saint George's Day,Saint George's Day,CA,False,False,['CA-NL'],,['Public'],1
2024-05-20,National Patriots' Day,National Patriots' Day,CA,False,False,['CA-QC'],,['Public'],1
2024-05-20,Victoria Day,Victoria Day,CA,False,True,,,['Public'],1
2024-06-21,National Aboriginal Day,National Aboriginal Day,CA,False,False,['CA-NT'],,['Public'],1
2024-06-24,Discovery Day,Discovery Day,CA,False,False,['CA-NL'],,['Public'],1
2024-06-24,Fête nationale du Québec,National Holiday,CA,False,False,['CA-QC'],,['Public'],1
2024-07-01,Canada Day,Canada Day,CA,False,True,,,['Public'],1
2024-07-12,Orangemen's Day,Orangemen's Day,CA,False,False,['CA-NL'],,['Public'],1
2024-08-05,Civic Holiday,Civic Holiday,CA,False,False,"['CA-MB', 'CA-NL', 'CA-NT', 'CA-NU', 'CA-ON']",,['Public'],1
2024-08-05,British Columbia Day,British Columbia Day,CA,False,False,['CA-BC'],,['Public'],1
2024-08-05,Heritage Day,Heritage Day,CA,False,False,"['CA-AB', 'CA-YT']",,['Public'],1
2024-08-05,New Brunswick Day,New Brunswick Day,CA,False,False,['CA-NB'],,['Public'],1
2024-08-05,Natal Day,Natal Day,CA,False,False,['CA-NS'],,['Public'],1
2024-08-05,Saskatchewan Day,Saskatchewan Day,CA,False,False,['CA-SK'],,['Public'],1
2024-08-19,Gold Cup Parade Day,Gold Cup Parade Day,CA,False,False,['CA-PE'],,['Public'],1
2024-08-19,Discovery Day,Discovery Day,CA,False,False,['CA-YT'],,['Public'],1
2024-09-02,Labour Day,Labour Day,CA,False,True,,,['Public'],1
2024-09-30,National Day for Truth and Reconciliation,National Day for Truth and Reconciliation,CA,False,True,,,['Public'],1
2024-10-14,Thanksgiving,Thanksgiving,CA,False,True,,,['Public'],1
2024-11-11,Armistice Day,Armistice Day,CA,False,False,['CA-NL'],,['Public'],1
2024-11-11,Remembrance Day,Remembrance Day,CA,False,False,"['CA-AB', 'CA-BC', 'CA-NB', 'CA-NT', 'CA-NS', 'CA-NU', 'CA-PE', 'CA-SK', 'CA-YT']",,['Public'],1
2024-12-25,Christmas Day,Christmas Day,CA,False,True,,,['Public'],1
2024-12-26,Boxing Day,St. Stephen's Day,CA,False,False,"['CA-AB', 'CA-NB', 'CA-NS', 'CA-ON', 'CA-PE']",,['Public'],1
2024-01-01,New Year's Day,New Year's Day,US,False,True,,,['Public'],1
2024-01-15,"Martin Luther King, Jr. Day","Martin Luther King, Jr. Day",US,False,True,,,['Public'],1
2024-02-12,Lincoln's Birthday,Lincoln's Birthday,US,False,False,"['US-CA', 'US-CT', 'US-IL', 'US-IN', 'US-KY', 'US-MI', 'US-NY', 'US-MO', 'US-OH']",,['Observance'],1
2024-02-19,Washington's Birthday,Presidents Day,US,False,True,,,['Public'],1
2024-03-29,Good Friday,Good Friday,US,False,False,"['US-CT', 'US-DE', 'US-HI', 'US-IN', 'US-KY', 'US-LA', 'US-NC', 'US-ND', 'US-NJ', 'US-TN']",,['Public'],1
2024-03-29,Good Friday,Good Friday,US,False,False,['US-TX'],,['Optional'],1
2024-05-08,Truman Day,Truman Day,US,False,False,['US-MO'],,"['School', 'Authorities']",1
2024-05-27,Memorial Day,Memorial Day,US,False,True,,,['Public'],1
2024-06-19,Juneteenth National Independence Day,Juneteenth National Independence Day,US,False,True,,,['Public'],1
2024-07-04,Independence Day,Independence Day,US,False,True,,,['Public'],1
2024-09-02,Labour Day,Labor Day,US,False,True,,,['Public'],1
2024-10-14,Columbus Day,Columbus Day,US,False,False,"['US-AL', 'US-AZ', 'US-CO', 'US-CT', 'US-GA', 'US-ID', 'US-IL', 'US-IN', 'US-IA', 'US-KS', 'US-KY', 'US-LA', 'US-ME', 'US-MD', 'US-MA', 'US-MS', 'US-MO', 'US-MT', 'US-NE', 'US-NH', 'US-NJ', 'US-NM', 'US-NY', 'US-NC', 'US-OH', 'US-OK', 'US-PA', 'US-RI', 'US-SC', 'US-TN', 'US-UT', 'US-VA', 'US-WV']",,['Public'],1
2024-10-14,Indigenous Peoples' Day,Indigenous Peoples' Day,US,False,False,"['US-AK', 'US-AL', 'US-CA', 'US-HI', 'US-IA', 'US-LA', 'US-ME', 'US-MI', 'US-MN', 'US-NC', 'US-NE', 'US-NM', 'US-OK', 'US-OR', 'US-SD', 'US-TX', 'US-VA', 'US-VT', 'US-WI']",,['Public'],1
2024-11-11,Veterans Day,Veterans Day,US,False,True,,,['Public'],1
2024-11-28,Thanksgiving Day,Thanksgiving Day,US,False,True,,,['Public'],1
2024-12-25,Christmas Day,Christmas Day,US,False,True,,,['Public'],1
